entrada,salida,px_ent,px_sal,ret,expo,barras,rsi_senal
2000-01-07,2000-01-11,69.74485,77.07854,0.10515,0.11703,2,5.58456
2000-01-25,2000-02-02,77.26071,77.49853,0.00308,0.11902,6,13.79218
2000-03-15,2000-03-20,89.55936,93.25025,0.04121,0.11652,3,9.16027
2000-03-30,2000-04-19,90.19007,77.70853,-0.13839,0.1125,14,7.88628
2000-05-10,2000-05-17,70.95376,74.97829,0.05672,0.07537,5,12.45426
2000-06-26,2000-07-05,78.25931,78.65365,0.00504,0.11052,6,7.70224
2000-07-28,2000-08-15,77.52354,77.91862,0.0051,0.13475,12,10.25409
2000-09-07,2000-09-21,81.41289,78.7587,-0.0326,0.17052,10,10.10592
2003-04-01,2003-04-03,21.39329,22.3801,0.04613,0.16144,2,4.54258
2003-04-10,2003-04-16,21.4102,22.3885,0.04569,0.16579,4,6.80712
2003-05-20,2003-05-22,23.34427,23.32093,-0.001,0.21395,2,8.36954
2003-06-24,2003-07-03,25.00089,25.7908,0.0316,0.20131,7,7.59671
2003-07-18,2003-07-24,26.4053,26.75691,0.01332,0.20284,4,7.20029
2003-08-06,2003-08-13,25.53076,26.02608,0.0194,0.18932,5,3.88649
2003-09-11,2003-09-15,27.98629,28.42878,0.01581,0.25484,2,13.96842
2003-09-26,2003-10-03,27.65832,28.43717,0.02816,0.21226,5,12.87018
2003-10-24,2003-10-27,28.4151,28.79839,0.01349,0.23108,1,12.88078
2003-11-11,2003-11-14,29.55877,30.08375,0.01776,0.25874,3,12.28647
2003-11-18,2003-11-25,29.32335,29.64687,0.01103,0.25175,5,11.23032
2003-12-10,2003-12-12,29.03741,29.64687,0.02099,0.24913,2,13.71678
2004-01-26,2004-02-12,31.95077,31.53223,-0.0131,0.30941,13,9.70833
2004-02-24,2004-02-26,30.51225,30.64977,0.00451,0.26284,2,7.25521
2004-03-09,2004-03-26,30.14206,29.66656,-0.01578,0.27092,13,9.40077
2004-04-16,2004-04-23,30.45332,31.16241,0.02328,0.2849,5,13.55581
2004-04-29,2004-05-05,30.36077,29.76731,-0.01955,0.27065,4,12.03351
2004-06-04,2004-06-09,30.57948,31.07835,0.01631,0.30143,3,9.50692
2004-06-22,2004-06-24,30.4197,31.11204,0.02276,0.31452,2,13.0567
2004-07-07,2004-08-02,30.25142,29.08665,-0.0385,0.28858,18,6.48746
2004-12-20,2004-12-23,33.6068,33.60719,1e-05,0.27222,3,13.61947
2005-01-04,2005-01-19,33.70875,32.86056,-0.02516,0.33846,10,6.53787
2005-01-21,2005-01-28,31.84031,31.57091,-0.00846,0.30682,5,10.5537
2005-02-10,2005-02-15,31.64491,32.14782,0.01589,0.33115,3,14.83412
2005-02-22,2005-02-28,31.44962,31.783,0.0106,0.34225,4,12.73466
2005-03-14,2005-04-06,31.62791,31.10424,-0.01656,0.31905,16,8.56001
2005-06-08,2005-06-22,32.17148,32.27945,0.00336,0.39943,10,11.57155
2005-06-24,2005-07-11,31.77618,32.16051,0.01209,0.38157,10,2.05432
2005-08-08,2005-08-15,33.59539,33.23907,-0.01061,0.47206,5,13.80456
2005-08-25,2005-08-31,32.75377,32.81448,0.00185,0.42168,4,4.54441
2005-09-15,2005-09-26,33.37438,33.09474,-0.00838,0.47081,7,11.76555
2005-10-06,2005-10-17,32.92385,32.32193,-0.01828,0.41854,7,11.94136
2005-10-28,2005-11-01,32.44772,32.91633,0.01444,0.34738,2,10.08419
2005-11-30,2005-12-05,35.10004,35.71034,0.01739,0.44457,3,12.79437
2005-12-09,2005-12-22,35.33806,34.99639,-0.00967,0.43173,9,14.64466
2005-12-30,2006-01-05,34.55417,35.54122,0.02857,0.43438,3,5.60574
2006-01-19,2006-01-20,36.13066,36.12863,-6e-05,0.42899,1,4.69516
2006-01-23,2006-01-30,35.25292,35.88175,0.01784,0.36648,5,10.20495
2006-02-03,2006-02-16,35.03141,35.15811,0.00362,0.37785,9,14.4739
2006-03-08,2006-03-16,34.74166,35.62638,0.02547,0.36077,6,8.74344
2006-04-12,2006-04-20,35.77238,36.30734,0.01495,0.3883,5,9.56054
2006-04-26,2006-05-08,35.70414,35.84737,0.00401,0.37629,8,12.78496
2006-05-11,2006-05-26,35.49944,33.60689,-0.05331,0.41616,11,14.10503
2006-10-03,2006-10-05,34.19519,35.21009,0.02968,0.35594,2,9.48868
2006-11-28,2006-11-30,37.15787,37.5728,0.01117,0.38755,2,8.07805
2006-12-21,2006-12-28,37.4087,36.89314,-0.01378,0.36418,4,12.57089
2007-01-19,2007-02-09,37.59679,38.06306,0.0124,0.36024,15,7.18014
2007-02-12,2007-02-15,37.51135,38.11433,0.01607,0.37291,3,14.98942
2007-02-28,2007-03-02,36.88723,36.53442,-0.00956,0.33795,2,2.59759
2007-03-05,2007-03-21,36.04091,37.28375,0.03448,0.30272,12,3.99934
2007-03-29,2007-04-05,37.50074,37.84777,0.00925,0.36996,5,10.93908
2007-05-11,2007-05-22,39.55367,40.19779,0.01628,0.47468,7,12.27412
2007-05-25,2007-05-30,39.57078,39.71923,0.00375,0.42255,2,9.12755
2007-06-07,2007-06-15,40.12675,40.83637,0.01768,0.44272,6,12.39455
2007-06-27,2007-07-05,40.0126,41.34102,0.0332,0.41677,5,10.48594
2007-07-25,2007-08-03,42.43531,41.26406,-0.0276,0.4523,7,5.46722
2007-08-16,2007-08-22,38.98538,40.51573,0.03925,0.25678,4,7.02288
2007-09-10,2007-09-13,41.622,42.15341,0.01277,0.27729,3,13.45162
2007-11-09,2007-11-29,43.45091,43.87815,0.00983,0.23698,13,7.61083
2007-12-18,2007-12-24,43.0312,44.54941,0.03528,0.23381,4,4.28098
2008-01-02,2008-01-11,43.95947,40.87475,-0.07017,0.27595,7,11.52066
2008-05-22,2008-05-27,41.43681,41.42108,-0.00038,0.25239,2,4.75248
2008-08-20,2008-08-25,40.65032,40.45526,-0.0048,0.23577,3,8.02432
2009-05-08,2009-05-18,29.71105,28.92353,-0.02651,0.2014,6,12.19528
2009-05-26,2009-06-01,28.65942,30.76631,0.07351,0.19727,4,14.76
2009-06-16,2009-06-26,31.06422,31.14032,0.00245,0.22918,8,2.59629
2009-07-06,2009-07-14,30.53286,30.64897,0.0038,0.24126,6,6.47881
2009-08-07,2009-08-20,34.44231,33.86466,-0.01677,0.30918,9,14.33874
2009-09-01,2009-09-04,34.425,34.12333,-0.00876,0.27913,3,13.6538
2009-09-25,2009-10-06,36.09094,35.76151,-0.00913,0.33056,7,9.88532
2009-10-28,2009-11-04,36.44511,35.83917,-0.01663,0.31387,5,3.68653
2009-11-20,2009-11-24,37.51625,38.07425,0.01487,0.31986,2,13.10699
2009-12-18,2009-12-22,38.2105,38.99349,0.02049,0.35758,2,13.58304
2010-01-13,2010-01-15,39.73346,40.16051,0.01075,0.42521,2,13.68479
2010-01-25,2010-01-28,38.44421,38.3798,-0.00168,0.31081,3,5.57977
2010-01-29,2010-02-03,37.98558,37.55002,-0.01147,0.28698,3,14.3041
2010-02-24,2010-02-26,38.4096,38.54402,0.0035,0.31995,2,10.71304
2010-04-28,2010-05-12,42.96347,41.51863,-0.03363,0.40902,10,9.24938
2010-05-19,2010-06-04,40.07033,39.54572,-0.01309,0.18136,11,14.48064
2010-06-23,2010-07-13,40.17258,39.21238,-0.0239,0.21224,13,13.38357
2010-10-04,2010-10-14,42.59449,44.01478,0.03334,0.3349,8,13.53208
2010-11-15,2010-11-19,46.00239,45.5733,-0.00933,0.36116,4,7.34071
2011-01-03,2011-01-07,48.00619,48.87425,0.01808,0.55048,4,11.04671
2011-01-21,2011-01-26,49.24631,49.40648,0.00325,0.47841,3,13.21747
2011-02-23,2011-02-28,49.77908,50.49704,0.01442,0.42989,3,3.29034
2011-03-11,2011-03-15,48.74856,47.67035,-0.02212,0.32748,2,7.61705
2011-03-16,2011-03-25,48.05862,49.70334,0.03422,0.30153,7,8.68377
2011-04-11,2011-04-15,49.99799,49.38879,-0.01218,0.36164,4,11.61098
2011-04-19,2011-04-20,49.32455,50.31493,0.02008,0.35995,1,10.62299
2011-05-04,2011-05-11,51.35346,51.63417,0.00547,0.4432,5,11.57157
2011-05-17,2011-05-19,49.95426,50.87405,0.01841,0.37982,2,8.38887
2011-05-24,2011-05-27,49.90174,50.00918,0.00215,0.38719,3,9.4737
2011-06-07,2011-06-22,49.00969,48.15991,-0.01734,0.37896,11,9.04221
2011-07-13,2011-07-19,50.78498,50.86555,0.00159,0.35195,4,12.40396
2011-07-28,2011-08-01,50.94276,51.39969,0.00897,0.32169,2,11.19101
2011-08-02,2011-08-15,50.36427,47.10034,-0.06481,0.28939,9,8.14702
2011-11-02,2011-11-09,50.08003,50.65286,0.01144,0.21094,5,10.68837
2012-03-07,2012-03-09,56.30114,57.11673,0.01449,0.45247,2,8.2204
2012-04-11,2012-04-19,58.90444,58.54561,-0.00609,0.4121,6,8.08653
2012-04-24,2012-04-27,57.35917,59.20718,0.03222,0.34133,3,8.78175
2012-05-07,2012-05-09,56.78528,56.25216,-0.00939,0.33058,2,4.38462
2012-05-10,2012-05-31,57.05011,54.91133,-0.03749,0.32457,14,4.43416
2012-06-04,2012-06-06,53.49173,54.32033,0.01549,0.28306,2,5.24175
2012-07-11,2012-07-20,56.01299,57.53962,0.02725,0.3101,7,7.97569
2012-07-25,2012-08-06,55.30504,58.30004,0.05415,0.29499,8,12.60275
2012-08-31,2012-09-10,60.35846,61.22647,0.01438,0.47253,5,6.11948
2012-09-25,2012-10-05,62.05721,61.80008,-0.00414,0.51825,8,10.24362
2012-10-09,2012-10-17,60.50404,60.08884,-0.00686,0.44031,6,13.95674
2012-10-22,2012-11-07,58.26742,57.65056,-0.01059,0.38133,10,6.87227
2013-02-22,2013-02-28,59.65401,59.95991,0.00513,0.48057,4,9.47345
2013-03-20,2013-03-28,61.46482,61.49284,0.00046,0.49166,6,11.42529
2013-04-08,2013-04-09,60.72235,61.12642,0.00665,0.45856,1,10.47381
2013-04-16,2013-04-23,61.71534,61.82347,0.00175,0.43164,5,12.7879
2013-05-24,2013-05-28,65.26672,66.35431,0.01666,0.47471,1,12.21954
2013-06-06,2013-06-10,64.54215,65.72872,0.01838,0.42361,2,4.96171
2013-06-13,2013-06-19,64.19328,65.7734,0.02461,0.40098,4,11.09026
2013-06-21,2013-07-05,63.51684,64.95051,0.02257,0.35739,9,10.91853
2013-07-22,2013-07-29,67.18718,67.43377,0.00367,0.47462,5,9.86678
2013-08-16,2013-08-30,67.77047,68.1689,0.00588,0.49714,10,8.91442
2013-09-26,2013-09-30,70.99828,70.3608,-0.00898,0.5251,2,12.62302
2013-10-09,2013-10-14,69.66612,70.80138,0.0163,0.44383,3,9.10099
2013-11-08,2013-11-12,73.56346,73.87664,0.00426,0.46272,2,2.56811
2013-11-21,2013-11-25,74.73355,75.79189,0.01416,0.47965,2,12.25739
2013-12-12,2013-12-24,76.69573,78.86505,0.02828,0.56413,8,12.97035
2014-01-06,2014-01-09,78.2396,79.03636,0.01018,0.59536,3,14.00535
2014-01-14,2014-01-16,77.92354,79.63176,0.02192,0.52117,2,13.48146
2014-01-27,2014-02-03,78.34795,77.70133,-0.00825,0.48875,5,7.95283
2014-02-04,2014-02-06,76.47892,76.61897,0.00183,0.37946,2,14.82818
2014-03-14,2014-03-19,80.68612,82.02757,0.01663,0.41728,3,12.05673
2014-03-25,2014-04-10,80.58897,79.77309,-0.01012,0.37481,12,9.97499
2014-05-09,2014-05-12,78.52604,79.26465,0.00941,0.32891,1,13.24363
2014-06-13,2014-06-18,84.0332,84.02177,-0.00014,0.53553,3,10.74671
2014-08-01,2014-08-12,86.40938,86.82367,0.00479,0.49979,7,9.42587
2014-09-16,2014-09-18,89.4437,90.87454,0.016,0.56782,2,8.33171
2014-09-24,2014-09-25,90.30483,90.81677,0.00567,0.53491,1,14.57805
2014-10-02,2014-10-06,88.77036,89.84955,0.01216,0.4361,2,11.81374
2014-10-08,2014-10-17,88.28632,84.84935,-0.03893,0.41284,7,13.69821
2014-12-09,2014-12-19,94.4515,95.22137,0.00815,0.52028,8,8.1192
2015-01-02,2015-01-09,95.12414,94.90083,-0.00235,0.42673,5,7.63251
2015-01-15,2015-01-21,92.98807,92.79438,-0.00208,0.32753,3,14.36371
2015-01-28,2015-02-04,94.49152,93.91172,-0.00614,0.31355,5,11.77341
2015-03-09,2015-03-18,98.67201,97.61177,-0.01075,0.49015,7,10.52159
2015-03-26,2015-03-30,96.10563,97.45075,0.014,0.42479,2,5.04802
2015-04-20,2015-04-24,97.89742,101.16849,0.03341,0.45998,4,9.95072
2015-05-01,2015-05-11,99.28492,99.83746,0.00557,0.41278,6,5.4627
2015-05-27,2015-06-11,100.6449,100.84725,0.00201,0.45591,11,11.90483
2015-06-29,2015-07-08,99.52264,98.63196,-0.00895,0.48262,6,8.39134
2015-07-09,2015-07-14,99.00688,100.92291,0.01935,0.40685,3,9.3159
2015-07-27,2015-07-30,101.74225,102.39508,0.00642,0.4009,3,6.24671
2015-08-21,2015-08-28,97.22939,96.68134,-0.00564,0.34665,5,3.68768
2015-11-10,2015-11-20,104.29792,105.36499,0.01023,0.38197,8,7.92577
2015-12-04,2015-12-23,104.17786,103.92931,-0.00239,0.39842,13,11.50911
2016-01-05,2016-01-19,101.90343,94.5485,-0.07218,0.33123,9,6.86827
2016-04-25,2016-05-10,100.88662,98.59598,-0.02271,0.38572,11,4.3093
2016-06-13,2016-06-30,100.62649,99.10013,-0.01517,0.49734,13,5.39868
2016-08-26,2016-08-29,108.64239,108.67344,0.00029,0.65333,1,10.91519
2016-09-12,2016-09-16,105.82999,109.32791,0.03305,0.55523,4,4.1497
2016-10-14,2016-10-21,109.77346,109.86884,0.00087,0.5034,5,10.05877
2016-10-31,2016-11-09,109.72674,107.91961,-0.01647,0.52883,7,7.79099
2016-11-15,2016-11-17,107.80347,108.99218,0.01103,0.3637,2,11.87174
2016-12-02,2016-12-06,107.89682,109.01087,0.01033,0.4192,2,4.90839
2017-01-03,2017-01-05,111.71793,112.40137,0.00612,0.50794,2,5.36762
2017-03-22,2017-03-29,121.87771,123.48073,0.01315,0.69948,5,5.53846
2017-04-12,2017-04-19,123.34154,123.59317,0.00204,0.64733,4,6.50475
2017-05-18,2017-05-22,127.6672,129.48932,0.01427,0.67332,2,11.31083
2017-06-12,2017-06-14,130.27571,132.09522,0.01397,0.51591,2,7.02745
2017-06-19,2017-07-11,131.20487,130.12451,-0.00823,0.46239,15,10.88628
2017-08-01,2017-08-09,135.20367,134.5421,-0.00489,0.49078,6,8.62316
2017-08-11,2017-08-15,132.88911,135.55729,0.02008,0.46972,2,4.07961
2017-08-18,2017-08-24,133.0678,134.43875,0.0103,0.45222,4,12.84835
2017-09-22,2017-09-29,135.78286,136.30651,0.00386,0.52818,5,8.3676
2017-10-27,2017-10-31,140.80867,143.22075,0.01713,0.69832,2,9.38962
2017-11-16,2017-11-24,144.62758,146.81915,0.01515,0.61278,5,6.97676
2017-11-30,2017-12-04,145.64589,146.45174,0.00553,0.59214,2,11.0703
2017-12-05,2017-12-07,143.92973,144.58657,0.00456,0.48961,2,12.95759
2017-12-27,2018-01-04,147.89741,151.59147,0.02498,0.57955,5,6.98612
2018-02-05,2018-02-13,154.14323,149.1278,-0.03254,0.44348,6,5.80919
2018-03-02,2018-03-06,153.63298,159.16218,0.03599,0.25739,2,11.64982
2018-03-20,2018-04-05,158.15034,152.53669,-0.0355,0.29616,11,2.22423
2018-04-24,2018-05-07,153.91022,156.61175,0.01755,0.25021,9,13.25265
2018-06-26,2018-07-09,163.12712,167.22794,0.02514,0.38851,8,3.63655
2018-07-31,2018-08-02,166.69341,166.64044,-0.00032,0.36724,2,7.94596
2018-08-14,2018-08-23,171.6823,171.28332,-0.00232,0.44724,7,12.70623
2018-09-06,2018-09-26,174.082,174.89461,0.00467,0.48405,14,7.96127
2018-10-05,2018-10-29,173.30231,160.57087,-0.07346,0.42335,16,5.26746
2019-05-02,2019-05-07,180.30971,179.15668,-0.00639,0.52161,3,13.10724
2019-05-08,2019-05-10,177.25488,175.53279,-0.00972,0.38906,2,14.57024
2019-05-14,2019-05-16,171.36484,174.62674,0.01903,0.30475,2,2.2689
2019-05-24,2019-06-10,171.16434,173.78756,0.01533,0.30165,10,13.59651
2019-06-26,2019-07-05,178.07689,181.74118,0.02058,0.36775,6,10.07363
2019-07-22,2019-07-24,183.21456,184.53199,0.00719,0.46801,2,10.25956
2019-08-01,2019-08-08,183.22417,176.96227,-0.03418,0.43051,5,8.71372
2019-08-26,2019-08-30,176.22087,180.58466,0.02476,0.26463,4,9.84983
2019-09-23,2019-10-07,182.4913,180.26902,-0.01218,0.38018,10,12.44279
2019-12-04,2019-12-13,194.11991,197.63223,0.01809,0.4339,7,8.89055
2020-01-28,2020-01-29,210.97874,213.70479,0.01292,0.46826,1,5.5778
2020-02-24,2020-03-03,213.13071,208.37796,-0.0223,0.36602,6,10.59341
2020-04-22,2020-05-06,201.35723,210.99545,0.04787,0.13532,10,12.53519
2020-07-27,2020-07-28,248.21394,249.86391,0.00665,0.22174,1,10.22784
2020-08-12,2020-08-19,257.86817,267.78504,0.03846,0.26658,5,8.81203
2020-09-08,2020-09-16,262.59403,269.55775,0.02652,0.21005,6,12.17711
2020-09-21,2020-09-23,253.55942,262.59804,0.03565,0.1755,2,10.89197
2020-10-20,2020-11-05,274.84715,283.11177,0.03007,0.21864,12,5.67926
2020-12-10,2020-12-14,288.99703,292.44241,0.01192,0.31129,2,14.97923
2021-01-05,2021-01-07,298.30728,299.93266,0.00545,0.36757,2,13.07195
2021-01-28,2021-02-03,310.28637,318.82111,0.02751,0.31474,4,12.9262
2021-02-19,2021-02-25,323.04924,310.67219,-0.03831,0.34634,4,13.16557
2021-02-26,2021-03-15,305.62243,305.25899,-0.00119,0.25152,11,9.46914
2021-05-04,2021-05-21,323.1663,319.81381,-0.01037,0.34858,13,12.42958
2021-06-04,2021-06-08,321.50957,327.52296,0.0187,0.34678,2,12.66766
2021-07-19,2021-07-21,343.41552,347.23889,0.01113,0.45074,2,7.47439
2021-08-18,2021-08-23,354.21122,357.36493,0.0089,0.47591,3,14.94437
2021-09-10,2021-09-17,369.7791,366.10526,-0.00994,0.55121,5,14.95334
2021-09-20,2021-09-24,356.81782,359.55563,0.00767,0.45878,4,14.91676
2021-09-29,2021-10-07,350.70997,351.94064,0.00351,0.35808,6,5.80986
2021-11-11,2021-11-22,381.20061,393.43039,0.03208,0.40896,7,6.93852
2021-11-29,2021-12-08,384.42442,386.25198,0.00475,0.36635,7,9.87932
2021-12-21,2021-12-22,373.40401,377.75143,0.01164,0.24423,1,13.49578
2022-01-06,2022-01-12,371.81922,377.31425,0.01478,0.27107,4,6.39239
2022-01-19,2022-02-01,361.83393,353.97372,-0.02172,0.2397,9,12.6239
2023-02-22,2023-03-06,288.56421,294.4597,0.02043,0.22898,8,5.8128
2023-04-13,2023-04-17,308.83644,311.78123,0.00954,0.29609,2,7.46221
2023-04-21,2023-04-24,309.89587,310.0467,0.00049,0.31977,1,8.28545
2023-04-25,2023-05-01,308.30668,315.6424,0.02379,0.32988,4,14.57988
2023-05-05,2023-05-09,312.40713,315.55424,0.01007,0.3336,2,12.75106
2023-06-08,2023-06-16,342.47365,365.25888,0.06653,0.34866,6,11.16759
2023-06-22,2023-06-26,354.24974,355.24009,0.0028,0.34472,2,13.5487
2023-06-27,2023-06-29,352.89416,357.43829,0.01288,0.33039,2,13.76398
2023-07-21,2023-08-15,372.47154,362.46268,-0.02687,0.35017,17,14.45149
2023-08-17,2023-08-22,357.52087,359.70516,0.00611,0.33859,3,14.74759
2023-09-08,2023-09-11,365.42842,368.64499,0.0088,0.34164,1,8.70264
2023-09-21,2023-10-10,354.92938,360.56933,0.01589,0.35382,13,5.2878
2023-10-20,2023-10-25,353.61112,350.54534,-0.00867,0.30463,3,8.44504
2023-10-27,2023-11-01,340.79321,345.65129,0.01426,0.27522,3,8.0553
2023-12-05,2023-12-06,378.13557,383.53614,0.01428,0.40068,1,14.00824
2024-01-03,2024-01-09,394.41591,395.97241,0.00395,0.43992,4,4.46332
2024-02-01,2024-02-05,413.0159,422.73123,0.02352,0.41096,2,11.16584
2024-02-21,2024-02-23,418.69644,433.15491,0.03453,0.39662,2,14.93626
2024-03-18,2024-03-21,433.25352,442.83387,0.02211,0.37009,3,11.64306
2024-04-03,2024-04-04,433.48063,440.31813,0.01577,0.41459,1,14.49407
2024-04-05,2024-04-12,431.32786,435.15861,0.00888,0.38012,5,7.93113
2024-04-16,2024-04-24,425.52125,422.43238,-0.00726,0.3304,6,14.65751
2024-05-31,2024-06-06,446.14056,457.9671,0.02651,0.43506,4,13.26412
2024-06-25,2024-06-27,470.87412,474.40528,0.0075,0.43887,2,7.47672
2024-07-18,2024-08-07,480.2309,441.1755,-0.08133,0.37135,14,6.1586
2024-09-05,2024-09-06,453.96077,454.85086,0.00196,0.25022,1,14.31466
2024-09-09,2024-09-11,448.11535,454.43587,0.0141,0.24278,2,3.88137
2024-10-02,2024-10-04,475.78487,482.32472,0.01375,0.31123,2,14.64739
2024-10-24,2024-10-28,487.42299,493.21907,0.01189,0.36879,2,11.24614
2024-11-01,2024-11-07,480.87592,503.05455,0.04612,0.35782,4,9.50098
2024-11-15,2024-11-20,498.14985,497.86954,-0.00056,0.38977,3,11.66712
2024-12-19,2024-12-24,516.22598,520.1488,0.0076,0.35775,3,11.61477
2024-12-31,2025-01-07,512.80207,520.90202,0.0158,0.31932,4,11.24437
2025-01-13,2025-01-23,497.22649,524.32121,0.05449,0.28658,7,11.08967
2025-01-28,2025-01-29,511.13534,517.79997,0.01304,0.28605,1,8.97166
2025-02-24,2025-03-06,523.69502,489.28653,-0.0657,0.34668,8,4.66829
2025-05-22,2025-05-27,510.34735,512.30872,0.00384,0.2436,2,9.27901
2025-08-04,2025-08-28,556.0686,570.47752,0.02591,0.45748,18,2.96729
2025-09-03,2025-09-04,566.19426,567.12889,0.00165,0.43225,1,13.53432
2025-10-13,2025-10-15,597.17334,600.88401,0.00621,0.41688,2,8.66282
2025-11-10,2025-11-11,616.33291,617.35837,0.00166,0.33326,1,12.549
2025-11-14,2025-11-25,597.04387,600.38666,0.0056,0.31137,7,11.2794
2025-12-15,2025-12-26,615.78524,622.22793,0.01046,0.3188,8,6.15585
2026-01-02,2026-01-08,618.26378,620.60434,0.00379,0.41226,4,4.98675
2026-01-15,2026-01-27,624.78484,626.46131,0.00268,0.40752,7,12.38048
2026-02-02,2026-02-10,616.9077,612.90939,-0.00648,0.36468,6,14.40497
2026-02-13,2026-02-18,598.6906,599.76577,0.0018,0.28798,2,13.88847
2026-03-04,2026-03-05,602.40985,605.03513,0.00436,0.28886,1,13.00318
2026-03-13,2026-03-18,597.99265,599.14818,0.00193,0.28333,3,9.38717
2026-05-20,2026-05-21,704.13339,707.11986,0.00424,0.32264,1,12.89447
2026-06-08,2026-06-15,716.63294,736.15314,0.02724,0.30157,5,2.44407
2026-06-25,2026-07-01,725.50657,728.06638,0.00353,0.22467,4,14.19715
2026-07-17,2026-07-23,691.27506,693.59943,0.00336,0.23084,4,14.97906
2026-07-27,2026-08-05,691.30508,725.13085,0.04893,0.24412,7,9.66277
2026-08-19,2026-08-28,719.99952,718.6309,-0.0019,0.29391,7,9.93988
2026-09-02,2026-09-03,706.71678,709.75455,0.0043,0.34777,1,13.16009
2026-09-11,2026-09-21,715.29207,727.52606,0.0171,0.3973,6,7.84742
